Item Number,Age,Gender,Educational Background,Course,Total Questions,Score,Churn,Topics to Enhance
1,68,Female,College,CRS01,15,35,1,"['Word Formatting', 'Excel Formulas', 'Spread Sheets']"
2,29,Male,College,CRS01,30,26,0,[]
3,22,Female,College,CRS01,30,16,1,"['Data Analysis', 'Spread Sheets', 'Charts', 'PowerPoint Design']"
4,23,Female,Elementary,CRS02,50,11,0,[]
5,47,Male,Elementary,CRS02,50,32,1,"['Text Effects', 'Layer Management', 'Layer Masking']"
6,58,Male,College,CRS02,15,13,0,[]
7,52,Female,Elementary,CRS01,30,36,1,"['Spread Sheets', 'PowerPoint Design', 'Macros']"
8,28,Male,College,CRS02,50,9,0,[]
9,32,Male,High School,CRS01,50,11,1,"['Macros', 'Charts', 'Data Analysis', 'PowerPoint Design']"
10,58,Female,College,CRS01,50,24,0,[]
11,30,Female,High School,CRS03,15,33,1,"['Website Structure', 'CSS Styling', 'Responsive Design']"
12,36,Female,High School,CRS01,50,12,0,[]
13,52,Male,College,CRS03,15,44,0,[]
14,41,Male,Elementary,CRS03,15,10,0,[]
15,41,Female,High School,CRS03,30,20,0,[]
16,20,Female,Elementary,CRS02,50,39,0,[]
17,45,Male,Elementary,CRS01,50,11,1,"['Windows History', 'Spread Sheets', 'Charts', 'PowerPoint Design']"
18,59,Male,College,CRS02,15,4,1,"['Text Effects', 'Toolbox', 'Layer Management', 'Layer Masking']"
19,62,Male,College,CRS03,50,12,0,[]
20,45,Female,College,CRS03,15,12,1,"['SEO Basics', 'HTML Basics', 'JavaScript Basics', 'Links and Navigation']"
21,68,Male,Elementary,CRS01,30,24,0,[]
22,45,Male,College,CRS01,15,14,0,[]
23,20,Female,Elementary,CRS03,30,5,0,[]
24,60,Female,College,CRS02,50,48,0,[]
25,32,Female,High School,CRS02,15,42,0,[]
26,51,Male,High School,CRS01,30,20,0,[]
27,23,Male,Elementary,CRS02,15,30,1,"['Layer Masking', 'Layer Management', 'Filters', 'Image Effects']"
28,51,Male,Elementary,CRS02,30,24,0,[]
29,47,Male,Elementary,CRS03,15,38,1,"['Website Structure', 'Links and Navigation', 'Responsive Design']"
30,69,Female,College,CRS01,50,21,0,[]
31,40,Female,College,CRS01,30,44,1,"['PowerPoint Design', 'Spread Sheets']"
32,29,Female,Elementary,CRS02,15,28,0,[]
33,33,Male,Elementary,CRS02,15,21,0,[]
34,53,Male,High School,CRS02,15,30,0,[]
35,33,Female,College,CRS03,15,47,1,"['SEO Basics', 'CSS Styling']"
36,35,Female,High School,CRS02,30,34,0,[]
37,32,Female,Elementary,CRS01,30,35,1,"['Spread Sheets', 'Windows History', 'Word Formatting']"
38,30,Female,College,CRS03,15,15,1,"['Website Structure', 'CSS Styling', 'JavaScript Basics', 'SEO Basics']"
39,30,Female,College,CRS01,30,29,0,[]
40,68,Male,Elementary,CRS01,50,46,0,[]
41,62,Female,High School,CRS02,50,11,1,"['Image Effects', 'Color Correction', 'Toolbox', 'Photo Retouching']"
42,36,Female,Elementary,CRS01,50,49,1,"['Understanding Windows', 'Charts']"
43,28,Female,Elementary,CRS03,30,16,1,"['SEO Basics', 'CSS Properties', 'Website Structure', 'Attributes']"
44,33,Female,Elementary,CRS03,50,8,1,"['CSS Properties', 'Website Structure', 'Links and Navigation', 'CSS Styling']"
45,35,Female,College,CRS03,50,30,0,[]
46,24,Female,College,CRS01,30,2,1,"['Windows History', 'PowerPoint Design', 'Understanding Windows', 'Charts']"
47,31,Male,College,CRS03,50,6,1,"['JavaScript Basics', 'Attributes', 'Website Structure', 'CSS Properties']"
48,65,Male,Elementary,CRS01,30,38,1,"['Macros', 'Excel Formulas', 'Data Analysis']"
49,69,Male,Elementary,CRS01,15,23,0,[]
50,47,Female,College,CRS01,30,13,1,"['Word Formatting', 'Spread Sheets', 'Excel Formulas', 'Understanding Windows']"
51,57,Female,College,CRS01,30,20,0,[]
52,27,Male,High School,CRS03,30,8,1,"['Links and Navigation', 'Responsive Design', 'HTML Basics', 'CSS Properties']"
53,66,Male,High School,CRS03,50,47,1,"['HTML Basics', 'CSS Properties']"
54,27,Female,College,CRS02,15,38,0,[]
55,64,Female,High School,CRS02,30,42,0,[]
56,63,Female,Elementary,CRS02,15,9,1,"['Color Correction', 'Layer Management', 'Text Effects', 'Photo Retouching']"
57,20,Female,College,CRS01,50,43,0,[]
58,66,Female,High School,CRS02,15,28,0,[]
59,37,Female,High School,CRS03,50,26,0,[]
60,24,Male,College,CRS02,15,24,0,[]
61,52,Male,Elementary,CRS02,50,30,1,"['Color Correction', 'Filters', 'Layer Management', 'Layer Masking']"
62,70,Female,High School,CRS02,15,46,0,[]
63,27,Female,College,CRS01,50,21,1,"['Macros', 'Spread Sheets', 'PowerPoint Design', 'Windows History']"
64,48,Female,College,CRS02,50,27,0,[]
65,46,Female,College,CRS03,30,11,0,[]
66,27,Female,Elementary,CRS01,50,50,1,"['Word Formatting', 'PowerPoint Design']"
67,27,Female,High School,CRS02,15,42,0,[]
68,56,Female,High School,CRS03,50,17,1,"['SEO Basics', 'Responsive Design', 'CSS Styling', 'CSS Properties']"
69,27,Male,High School,CRS02,30,13,0,[]
70,24,Male,High School,CRS02,15,19,0,[]
71,63,Female,Elementary,CRS03,30,47,0,[]
72,44,Male,College,CRS03,50,19,1,"['Website Structure', 'CSS Styling', 'Responsive Design', 'JavaScript Basics']"
73,59,Female,Elementary,CRS01,30,1,0,[]
74,53,Female,College,CRS03,30,48,0,[]
75,66,Male,High School,CRS01,30,23,1,"['Charts', 'Understanding Windows', 'Data Analysis', 'Excel Formulas']"
76,67,Male,College,CRS01,15,35,1,"['Word Formatting', 'Macros', 'Data Analysis']"
77,23,Male,College,CRS02,30,19,0,[]
78,19,Female,High School,CRS03,15,40,1,"['JavaScript Basics', 'SEO Basics', 'CSS Properties']"
79,67,Male,High School,CRS03,15,29,1,"['HTML Basics', 'CSS Properties', 'Attributes', 'JavaScript Basics']"
80,34,Female,College,CRS03,50,30,0,[]
81,35,Female,Elementary,CRS01,50,38,1,"['Windows History', 'Understanding Windows', 'Data Analysis']"
82,42,Male,Elementary,CRS01,30,1,0,[]
83,62,Male,High School,CRS01,50,30,0,[]
84,22,Female,Elementary,CRS02,50,14,0,[]
85,26,Male,Elementary,CRS03,15,12,0,[]
86,31,Female,High School,CRS03,50,39,1,"['Links and Navigation', 'SEO Basics', 'Attributes']"
87,45,Male,Elementary,CRS01,50,46,1,"['Windows History', 'Data Analysis']"
88,26,Male,High School,CRS03,50,47,1,"['Links and Navigation', 'Responsive Design']"
89,21,Female,High School,CRS02,15,11,0,[]
90,44,Female,High School,CRS01,50,50,1,"['Understanding Windows', 'Macros']"
91,20,Female,College,CRS02,15,25,1,"['Color Correction', 'Toolbox', 'Filters', 'Image Effects']"
92,45,Female,High School,CRS01,50,14,1,"['Windows History', 'PowerPoint Design', 'Macros', 'Spread Sheets']"
93,31,Female,High School,CRS02,30,42,1,"['Toolbox', 'Layer Management']"
94,23,Male,Elementary,CRS02,30,23,0,[]
95,63,Female,College,CRS02,50,24,1,"['Layer Management', 'Color Correction', 'Text Effects', 'Image Effects']"
96,64,Male,High School,CRS03,50,33,0,[]
97,59,Female,College,CRS01,15,50,0,[]
98,23,Male,Elementary,CRS03,30,5,0,[]
99,44,Male,High School,CRS01,30,12,0,[]
100,66,Male,Elementary,CRS02,50,36,0,[]
101,31,Male,Elementary,CRS03,50,26,1,"['Website Structure', 'CSS Styling', 'Responsive Design', 'JavaScript Basics']"
102,63,Female,College,CRS02,50,2,1,"['Image Effects', 'Layer Management', 'Photo Retouching', 'Toolbox']"
103,42,Male,College,CRS01,15,34,0,[]
104,66,Male,College,CRS03,15,14,0,[]
105,40,Male,High School,CRS01,15,38,0,[]
106,55,Female,High School,CRS02,15,1,1,"['Toolbox', 'Layer Management', 'Filters', 'Color Correction']"
107,27,Male,High School,CRS03,50,32,0,[]
108,62,Female,Elementary,CRS03,15,41,0,[]
109,30,Female,College,CRS01,50,28,1,"['Word Formatting', 'PowerPoint Design', 'Windows History', 'Macros']"
110,60,Female,College,CRS02,15,31,0,[]
111,61,Female,High School,CRS03,15,11,1,"['SEO Basics', 'Website Structure', 'Links and Navigation', 'JavaScript Basics']"
112,33,Female,Elementary,CRS02,30,50,0,[]
113,55,Female,Elementary,CRS02,50,41,1,"['Layer Management', 'Image Effects']"
114,57,Male,High School,CRS02,15,37,1,"['Color Correction', 'Layer Masking', 'Layer Management']"
115,45,Female,High School,CRS01,50,1,1,"['Charts', 'Data Analysis', 'Spread Sheets', 'Understanding Windows']"
116,57,Male,High School,CRS01,30,38,1,"['Excel Formulas', 'Understanding Windows', 'PowerPoint Design']"
117,50,Female,Elementary,CRS03,30,50,1,"['CSS Styling', 'Responsive Design']"
118,26,Female,High School,CRS02,15,37,1,"['Text Effects', 'Photo Retouching', 'Layer Management']"
119,62,Male,Elementary,CRS01,15,43,1,"['Macros', 'Windows History']"
120,31,Male,Elementary,CRS01,30,33,0,[]
121,42,Female,High School,CRS03,50,39,0,[]
122,40,Male,High School,CRS02,30,34,1,"['Photo Retouching', 'Filters', 'Toolbox']"
123,28,Female,College,CRS02,15,16,1,"['Layer Masking', 'Filters', 'Image Effects', 'Photo Retouching']"
124,48,Female,High School,CRS02,50,8,0,[]
125,32,Female,College,CRS02,15,14,1,"['Photo Retouching', 'Layer Management', 'Image Effects', 'Layer Masking']"
126,64,Female,High School,CRS02,30,25,1,"['Filters', 'Color Correction', 'Text Effects', 'Photo Retouching']"
127,19,Male,Elementary,CRS03,15,41,1,"['Responsive Design', 'CSS Properties']"
128,35,Female,High School,CRS02,30,49,1,"['Photo Retouching', 'Image Effects']"
129,53,Female,High School,CRS02,30,8,0,[]
130,58,Male,High School,CRS03,50,7,1,"['CSS Styling', 'HTML Basics', 'SEO Basics', 'Responsive Design']"
131,33,Male,College,CRS01,50,15,0,[]
132,63,Male,College,CRS01,15,24,0,[]
133,41,Female,Elementary,CRS01,15,31,1,"['Understanding Windows', 'PowerPoint Design', 'Data Analysis']"
134,23,Female,Elementary,CRS03,15,6,1,"['SEO Basics', 'Responsive Design', 'CSS Styling', 'HTML Basics']"
135,26,Female,Elementary,CRS03,15,8,1,"['Attributes', 'Website Structure', 'CSS Properties', 'HTML Basics']"
136,58,Male,High School,CRS03,15,12,0,[]
137,18,Male,Elementary,CRS02,50,31,0,[]
138,67,Female,College,CRS02,30,17,0,[]
139,20,Male,College,CRS02,15,12,0,[]
140,19,Female,High School,CRS03,50,26,1,"['Responsive Design', 'SEO Basics', 'CSS Properties', 'Links and Navigation']"
141,56,Female,Elementary,CRS01,50,3,1,"['Understanding Windows', 'Excel Formulas', 'Charts', 'Windows History']"
142,60,Male,Elementary,CRS03,15,29,1,"['CSS Styling', 'Responsive Design', 'Website Structure', 'CSS Properties']"
143,32,Female,Elementary,CRS03,50,50,1,"['Website Structure', 'HTML Basics']"
144,21,Male,High School,CRS02,30,3,1,"['Color Correction', 'Toolbox', 'Layer Management', 'Photo Retouching']"
145,62,Male,Elementary,CRS02,15,12,1,"['Layer Management', 'Image Effects', 'Photo Retouching', 'Color Correction']"
146,31,Female,Elementary,CRS03,30,13,0,[]
147,32,Male,Elementary,CRS03,30,49,1,"['Links and Navigation', 'HTML Basics']"
148,30,Male,College,CRS01,50,45,0,[]
149,21,Female,High School,CRS02,15,35,0,[]
150,27,Male,College,CRS03,15,43,1,"['Responsive Design', 'Website Structure']"
151,20,Female,Elementary,CRS01,50,28,1,"['Spread Sheets', 'Data Analysis', 'Windows History', 'Understanding Windows']"
152,58,Male,College,CRS02,15,23,1,"['Layer Management', 'Color Correction', 'Photo Retouching', 'Layer Masking']"
153,53,Male,High School,CRS03,15,46,1,"['HTML Basics', 'SEO Basics']"
154,67,Female,College,CRS01,30,36,1,"['Charts', 'Windows History', 'Data Analysis']"
155,57,Female,High School,CRS01,30,37,0,[]
156,22,Male,Elementary,CRS01,50,39,1,"['Charts', 'Data Analysis', 'PowerPoint Design']"
157,27,Male,High School,CRS02,50,40,1,"['Text Effects', 'Layer Masking', 'Toolbox']"
158,33,Female,Elementary,CRS02,50,4,1,"['Image Effects', 'Photo Retouching', 'Filters', 'Text Effects']"
159,31,Male,College,CRS03,50,48,0,[]
160,63,Male,College,CRS03,30,35,1,"['JavaScript Basics', 'HTML Basics', 'Website Structure']"
161,37,Female,Elementary,CRS01,15,45,0,[]
162,29,Female,High School,CRS03,30,43,1,"['SEO Basics', 'Website Structure']"
163,49,Male,High School,CRS02,15,2,1,"['Filters', 'Toolbox', 'Text Effects', 'Photo Retouching']"
164,36,Male,Elementary,CRS02,15,18,0,[]
165,55,Male,Elementary,CRS03,15,27,1,"['CSS Styling', 'HTML Basics', 'SEO Basics', 'Links and Navigation']"
166,28,Female,Elementary,CRS01,15,49,0,[]
167,67,Male,College,CRS01,15,12,1,"['PowerPoint Design', 'Spread Sheets', 'Excel Formulas', 'Word Formatting']"
168,25,Female,Elementary,CRS02,50,3,0,[]
169,22,Female,Elementary,CRS01,15,4,1,"['Word Formatting', 'Spread Sheets', 'Macros', 'Understanding Windows']"
170,54,Female,High School,CRS03,30,48,0,[]
171,39,Male,Elementary,CRS02,15,46,1,"['Text Effects', 'Layer Masking']"
172,46,Male,Elementary,CRS01,50,44,0,[]
173,56,Male,Elementary,CRS02,15,36,0,[]
174,40,Female,College,CRS01,30,30,0,[]
175,64,Male,College,CRS02,15,43,1,"['Layer Masking', 'Toolbox']"
176,18,Male,Elementary,CRS03,30,27,1,"['JavaScript Basics', 'HTML Basics', 'CSS Styling', 'SEO Basics']"
177,23,Female,College,CRS03,30,33,0,[]
178,69,Female,Elementary,CRS01,15,40,1,"['Macros', 'Windows History', 'Spread Sheets']"
179,27,Female,High School,CRS03,50,13,0,[]
180,42,Male,High School,CRS02,50,3,0,[]
181,25,Male,College,CRS01,15,8,0,[]
182,38,Female,High School,CRS03,15,47,1,"['JavaScript Basics', 'CSS Styling']"
183,62,Male,Elementary,CRS02,30,40,1,"['Photo Retouching', 'Color Correction', 'Layer Management']"
184,28,Male,Elementary,CRS02,15,28,0,[]
185,30,Female,Elementary,CRS01,15,21,1,"['Macros', 'Excel Formulas', 'PowerPoint Design', 'Spread Sheets']"
186,21,Female,College,CRS01,30,4,1,"['Excel Formulas', 'Word Formatting', 'Macros', 'PowerPoint Design']"
187,55,Male,College,CRS02,15,48,0,[]
188,64,Male,College,CRS02,50,19,0,[]
189,23,Male,High School,CRS01,50,6,0,[]
190,41,Male,College,CRS03,15,27,1,"['CSS Properties', 'HTML Basics', 'Website Structure', 'Responsive Design']"
191,64,Male,High School,CRS03,15,38,1,"['Responsive Design', 'Attributes', 'CSS Styling']"
192,24,Female,Elementary,CRS02,30,38,0,[]
193,67,Male,High School,CRS01,50,36,1,"['Charts', 'Macros', 'Data Analysis']"
194,42,Female,College,CRS03,50,50,0,[]
195,51,Female,College,CRS01,50,13,0,[]
196,20,Female,High School,CRS03,30,4,1,"['CSS Properties', 'Links and Navigation', 'SEO Basics', 'Website Structure']"
197,30,Female,College,CRS01,50,4,1,"['Spread Sheets', 'PowerPoint Design', 'Charts', 'Excel Formulas']"
198,56,Female,High School,CRS01,50,13,0,[]
199,53,Male,College,CRS03,15,1,1,"['Attributes', 'Links and Navigation', 'CSS Styling', 'CSS Properties']"
200,36,Female,High School,CRS01,30,34,1,"['Charts', 'Windows History', 'Macros']"
201,28,Female,Elementary,CRS03,30,6,1,"['CSS Properties', 'SEO Basics', 'Website Structure', 'JavaScript Basics']"
202,45,Female,High School,CRS02,30,31,1,"['Photo Retouching', 'Text Effects', 'Color Correction']"
203,40,Male,College,CRS02,30,30,1,"['Image Effects', 'Layer Management', 'Color Correction', 'Photo Retouching']"
204,34,Female,College,CRS02,15,42,0,[]
205,41,Male,Elementary,CRS01,15,17,1,"['Understanding Windows', 'Excel Formulas', 'Word Formatting', 'Macros']"
206,66,Male,College,CRS02,50,46,0,[]
207,54,Male,College,CRS03,15,9,1,"['Links and Navigation', 'Attributes', 'Responsive Design', 'Website Structure']"
208,34,Male,Elementary,CRS03,30,50,1,"['CSS Styling', 'Website Structure']"
209,23,Male,High School,CRS03,15,38,1,"['CSS Properties', 'JavaScript Basics', 'CSS Styling']"
210,40,Female,High School,CRS01,30,38,0,[]
211,40,Female,High School,CRS03,15,6,0,[]
212,40,Female,Elementary,CRS01,50,38,1,"['PowerPoint Design', 'Windows History', 'Charts']"
213,27,Male,Elementary,CRS01,30,20,0,[]
214,30,Male,College,CRS03,15,33,0,[]
215,44,Male,Elementary,CRS03,50,17,0,[]
216,43,Female,College,CRS03,15,31,0,[]
217,54,Female,College,CRS03,15,21,1,"['Website Structure', 'Links and Navigation', 'Responsive Design', 'SEO Basics']"
218,69,Male,Elementary,CRS03,30,50,0,[]
219,64,Female,High School,CRS03,30,49,1,"['SEO Basics', 'JavaScript Basics']"
220,57,Female,High School,CRS02,50,48,1,"['Color Correction', 'Layer Management']"
221,33,Female,Elementary,CRS01,50,9,0,[]
222,23,Female,High School,CRS02,50,24,1,"['Layer Management', 'Layer Masking', 'Photo Retouching', 'Image Effects']"
223,41,Female,College,CRS03,30,4,1,"['CSS Styling', 'CSS Properties', 'Responsive Design', 'HTML Basics']"
224,57,Female,College,CRS03,15,50,0,[]
225,46,Female,High School,CRS02,30,4,1,"['Text Effects', 'Layer Masking', 'Toolbox', 'Filters']"
226,48,Male,College,CRS01,15,9,0,[]
227,46,Female,Elementary,CRS03,50,31,1,"['Attributes', 'CSS Properties', 'HTML Basics']"
228,50,Male,College,CRS03,50,7,0,[]
229,64,Male,High School,CRS03,15,1,0,[]
230,44,Male,High School,CRS02,30,1,1,"['Photo Retouching', 'Image Effects', 'Color Correction', 'Text Effects']"
231,37,Male,High School,CRS03,15,36,1,"['Attributes', 'Responsive Design', 'CSS Properties']"
232,36,Male,Elementary,CRS02,50,41,1,"['Color Correction', 'Toolbox']"
233,41,Female,High School,CRS02,50,9,1,"['Toolbox', 'Layer Management', 'Text Effects', 'Color Correction']"
234,38,Female,High School,CRS02,15,21,1,"['Text Effects', 'Photo Retouching', 'Image Effects', 'Layer Management']"
235,60,Male,College,CRS01,15,32,1,"['Windows History', 'PowerPoint Design', 'Excel Formulas']"
236,29,Female,High School,CRS03,30,16,0,[]
237,50,Male,Elementary,CRS01,15,24,0,[]
238,33,Male,College,CRS03,30,41,0,[]
239,48,Female,High School,CRS02,15,41,1,"['Toolbox', 'Filters']"
240,55,Female,College,CRS01,30,39,1,"['Understanding Windows', 'Excel Formulas', 'Windows History']"
241,19,Male,College,CRS02,30,11,1,"['Text Effects', 'Filters', 'Layer Management', 'Toolbox']"
242,55,Male,Elementary,CRS03,30,39,1,"['SEO Basics', 'Responsive Design', 'Website Structure']"
243,41,Female,Elementary,CRS01,15,5,1,"['Data Analysis', 'Macros', 'Understanding Windows', 'Excel Formulas']"
244,30,Female,High School,CRS03,30,22,1,"['CSS Properties', 'CSS Styling', 'Website Structure', 'HTML Basics']"
245,25,Female,High School,CRS01,15,12,1,"['Spread Sheets', 'Understanding Windows', 'Windows History', 'Data Analysis']"
246,61,Male,High School,CRS01,50,46,0,[]
247,40,Male,Elementary,CRS02,30,44,1,"['Filters', 'Toolbox']"
248,27,Male,College,CRS01,15,44,0,[]
249,51,Male,High School,CRS03,30,21,0,[]
250,29,Female,Elementary,CRS02,15,7,1,"['Filters', 'Text Effects', 'Layer Management', 'Color Correction']"
251,47,Male,College,CRS01,30,21,0,[]
252,66,Male,Elementary,CRS02,30,9,0,[]
253,56,Male,Elementary,CRS02,50,5,0,[]
254,22,Female,High School,CRS02,30,35,1,"['Photo Retouching', 'Image Effects', 'Layer Management']"
255,18,Male,Elementary,CRS03,15,26,1,"['Responsive Design', 'HTML Basics', 'CSS Styling', 'Website Structure']"
256,57,Male,College,CRS02,15,33,0,[]
257,21,Male,High School,CRS03,50,6,1,"['JavaScript Basics', 'HTML Basics', 'SEO Basics', 'Attributes']"
258,56,Female,College,CRS02,50,22,0,[]
259,22,Female,High School,CRS03,50,11,0,[]
260,38,Male,High School,CRS03,30,36,0,[]
261,50,Female,Elementary,CRS02,30,47,1,"['Layer Masking', 'Layer Management']"
262,49,Female,College,CRS03,15,15,0,[]
263,39,Female,Elementary,CRS03,50,20,0,[]
264,58,Female,Elementary,CRS03,15,5,1,"['SEO Basics', 'CSS Properties', 'Attributes', 'Website Structure']"
265,62,Female,Elementary,CRS01,30,3,1,"['Excel Formulas', 'Windows History', 'Understanding Windows', 'Macros']"
266,52,Male,Elementary,CRS03,30,39,1,"['CSS Styling', 'Links and Navigation', 'HTML Basics']"
267,29,Male,College,CRS03,50,10,1,"['HTML Basics', 'CSS Properties', 'CSS Styling', 'Website Structure']"
268,63,Male,College,CRS02,15,30,1,"['Layer Masking', 'Image Effects', 'Toolbox', 'Filters']"
269,43,Male,High School,CRS01,50,43,0,[]
270,34,Female,College,CRS03,15,16,0,[]
271,28,Male,High School,CRS02,15,28,1,"['Toolbox', 'Layer Masking', 'Text Effects', 'Filters']"
272,21,Female,Elementary,CRS01,50,39,1,"['Macros', 'Understanding Windows', 'Data Analysis']"
273,60,Male,High School,CRS03,30,16,0,[]
274,48,Female,College,CRS03,15,38,0,[]
275,39,Male,High School,CRS03,15,32,1,"['CSS Properties', 'Attributes', 'Links and Navigation']"
276,24,Female,High School,CRS01,30,1,1,"['Data Analysis', 'Word Formatting', 'Charts', 'Understanding Windows']"
277,24,Male,Elementary,CRS03,30,2,0,[]
278,19,Female,Elementary,CRS01,50,2,1,"['Excel Formulas', 'Macros', 'Understanding Windows', 'Windows History']"
279,26,Male,High School,CRS03,50,22,1,"['HTML Basics', 'Links and Navigation', 'Attributes', 'SEO Basics']"
280,41,Male,College,CRS03,50,8,0,[]
281,54,Male,Elementary,CRS01,30,24,0,[]
282,29,Male,College,CRS02,50,34,0,[]
283,45,Male,Elementary,CRS03,30,19,1,"['Responsive Design', 'CSS Properties', 'Website Structure', 'SEO Basics']"
284,42,Male,College,CRS01,30,12,0,[]
285,22,Female,Elementary,CRS01,50,50,0,[]
286,50,Male,Elementary,CRS02,50,44,0,[]
287,67,Male,High School,CRS01,15,36,0,[]
288,70,Female,Elementary,CRS02,30,19,1,"['Color Correction', 'Image Effects', 'Photo Retouching', 'Layer Management']"
289,70,Male,Elementary,CRS01,50,6,1,"['Macros', 'Spread Sheets', 'Windows History', 'Charts']"
290,32,Female,College,CRS01,50,38,1,"['Macros', 'Spread Sheets', 'Windows History']"
291,38,Female,College,CRS03,15,40,1,"['Responsive Design', 'SEO Basics', 'CSS Styling']"
292,56,Male,College,CRS01,30,34,0,[]
293,60,Female,Elementary,CRS01,30,2,1,"['Windows History', 'Word Formatting', 'Understanding Windows', 'Macros']"
294,41,Female,Elementary,CRS01,30,30,0,[]
295,70,Female,High School,CRS02,15,8,0,[]
296,47,Female,High School,CRS03,15,2,1,"['CSS Styling', 'Responsive Design', 'SEO Basics', 'Attributes']"
297,25,Female,High School,CRS01,50,16,1,"['Word Formatting', 'Understanding Windows', 'Charts', 'Windows History']"
298,28,Male,College,CRS02,15,8,0,[]
299,62,Female,Elementary,CRS03,15,3,0,[]
300,36,Female,College,CRS01,15,41,1,"['PowerPoint Design', 'Spread Sheets']"
301,56,Female,High School,CRS01,50,35,1,"['Word Formatting', 'Macros', 'Understanding Windows']"
302,53,Female,High School,CRS02,15,22,1,"['Image Effects', 'Filters', 'Toolbox', 'Color Correction']"
303,27,Male,College,CRS01,50,21,0,[]
304,34,Female,College,CRS01,50,15,0,[]
305,21,Male,Elementary,CRS02,30,12,0,[]
306,41,Male,High School,CRS03,30,27,0,[]
307,30,Male,High School,CRS02,50,48,0,[]
308,27,Male,College,CRS01,30,27,1,"['Charts', 'Word Formatting', 'Macros', 'Understanding Windows']"
309,35,Male,College,CRS01,50,40,0,[]
310,59,Female,Elementary,CRS03,30,2,1,"['SEO Basics', 'CSS Properties', 'Attributes', 'CSS Styling']"
311,49,Female,High School,CRS02,30,39,0,[]
312,44,Male,Elementary,CRS03,15,20,0,[]
313,46,Male,High School,CRS02,50,41,1,"['Color Correction', 'Layer Management']"
314,44,Female,College,CRS03,15,10,1,"['HTML Basics', 'JavaScript Basics', 'Responsive Design', 'Attributes']"
315,51,Female,College,CRS03,50,24,0,[]
316,46,Female,College,CRS03,50,7,0,[]
317,52,Male,High School,CRS02,15,9,1,"['Text Effects', 'Toolbox', 'Layer Masking', 'Color Correction']"
318,34,Male,High School,CRS02,30,22,1,"['Photo Retouching', 'Layer Management', 'Color Correction', 'Toolbox']"
319,25,Male,College,CRS01,50,39,1,"['Understanding Windows', 'Charts', 'Spread Sheets']"
320,59,Female,High School,CRS02,15,4,1,"['Text Effects', 'Toolbox', 'Filters', 'Layer Masking']"
321,27,Female,Elementary,CRS03,30,48,0,[]
322,57,Male,Elementary,CRS01,15,35,0,[]
323,24,Female,Elementary,CRS02,50,26,0,[]
324,46,Male,High School,CRS03,50,46,0,[]
325,19,Male,High School,CRS01,15,34,1,"['Spread Sheets', 'Macros', 'Data Analysis']"
326,62,Male,Elementary,CRS03,50,37,0,[]
327,66,Male,High School,CRS02,30,34,1,"['Text Effects', 'Photo Retouching', 'Image Effects']"
328,29,Male,Elementary,CRS02,30,5,1,"['Color Correction', 'Photo Retouching', 'Layer Management', 'Text Effects']"
329,28,Female,Elementary,CRS01,30,2,1,"['Spread Sheets', 'PowerPoint Design', 'Macros', 'Windows History']"
330,51,Male,High School,CRS01,15,18,0,[]
331,58,Male,College,CRS01,30,33,1,"['Data Analysis', 'Word Formatting', 'Macros']"
332,56,Male,High School,CRS03,15,3,1,"['HTML Basics', 'Responsive Design', 'CSS Styling', 'Website Structure']"
333,44,Male,College,CRS03,50,24,1,"['Attributes', 'Website Structure', 'CSS Styling', 'JavaScript Basics']"
334,28,Female,Elementary,CRS01,30,28,0,[]
335,56,Male,College,CRS02,15,36,0,[]
336,59,Male,Elementary,CRS02,15,44,0,[]
337,62,Male,College,CRS01,50,6,0,[]
338,43,Male,High School,CRS02,30,15,1,"['Color Correction', 'Filters', 'Toolbox', 'Text Effects']"
339,34,Male,High School,CRS03,15,15,1,"['Responsive Design', 'HTML Basics', 'Attributes', 'CSS Properties']"
340,40,Male,Elementary,CRS03,30,7,1,"['Attributes', 'HTML Basics', 'CSS Styling', 'Website Structure']"
341,34,Female,High School,CRS02,30,37,0,[]
342,31,Male,High School,CRS03,15,11,0,[]
343,18,Male,High School,CRS01,30,50,1,"['PowerPoint Design', 'Understanding Windows']"
344,24,Female,College,CRS03,15,6,0,[]
345,54,Male,High School,CRS03,50,44,0,[]
346,70,Female,High School,CRS02,30,12,0,[]
347,66,Male,Elementary,CRS02,15,9,1,"['Filters', 'Toolbox', 'Photo Retouching', 'Layer Management']"
348,40,Male,College,CRS01,15,5,1,"['Word Formatting', 'Understanding Windows', 'Macros', 'Excel Formulas']"
349,49,Male,High School,CRS02,30,7,1,"['Color Correction', 'Layer Masking', 'Text Effects', 'Toolbox']"
350,35,Male,High School,CRS03,30,44,1,"['Website Structure', 'Attributes']"
351,68,Male,High School,CRS02,30,30,1,"['Layer Management', 'Toolbox', 'Image Effects', 'Layer Masking']"
352,19,Male,Elementary,CRS02,50,33,0,[]
353,53,Male,High School,CRS03,50,26,1,"['JavaScript Basics', 'SEO Basics', 'CSS Styling', 'Responsive Design']"
354,21,Male,College,CRS01,30,38,1,"['Understanding Windows', 'Data Analysis', 'Charts']"
355,54,Female,Elementary,CRS01,30,29,0,[]
356,24,Male,High School,CRS01,15,7,1,"['Charts', 'Word Formatting', 'Understanding Windows', 'Macros']"
357,50,Female,Elementary,CRS01,50,40,1,"['Data Analysis', 'Macros', 'Understanding Windows']"
358,57,Female,Elementary,CRS03,15,5,1,"['Attributes', 'CSS Properties', 'Links and Navigation', 'Responsive Design']"
359,37,Male,College,CRS01,50,2,1,"['Excel Formulas', 'Charts', 'Spread Sheets', 'Windows History']"
360,27,Male,College,CRS02,30,16,1,"['Photo Retouching', 'Color Correction', 'Toolbox', 'Filters']"
361,22,Male,Elementary,CRS02,50,24,0,[]
362,48,Male,Elementary,CRS01,30,30,0,[]
363,25,Male,High School,CRS01,15,31,0,[]
364,49,Female,Elementary,CRS02,15,10,0,[]
365,29,Female,High School,CRS02,30,17,0,[]
366,18,Female,Elementary,CRS03,50,17,0,[]
367,49,Male,Elementary,CRS03,15,38,0,[]
368,31,Male,High School,CRS02,30,49,0,[]
369,41,Male,High School,CRS02,30,3,1,"['Layer Masking', 'Text Effects', 'Filters', 'Toolbox']"
370,27,Male,College,CRS02,15,4,0,[]
371,39,Female,Elementary,CRS02,15,3,0,[]
372,56,Female,College,CRS03,50,4,0,[]
373,18,Male,Elementary,CRS02,30,48,1,"['Photo Retouching', 'Toolbox']"
374,32,Female,College,CRS02,50,27,1,"['Layer Management', 'Filters', 'Toolbox', 'Text Effects']"
375,60,Female,College,CRS03,50,22,1,"['Attributes', 'JavaScript Basics', 'Responsive Design', 'SEO Basics']"
376,20,Male,Elementary,CRS02,30,31,1,"['Text Effects', 'Toolbox', 'Color Correction']"
377,31,Female,Elementary,CRS03,50,20,1,"['Links and Navigation', 'Attributes', 'Website Structure', 'CSS Styling']"
378,20,Female,High School,CRS02,30,34,1,"['Toolbox', 'Color Correction', 'Text Effects']"
379,22,Female,Elementary,CRS02,15,49,1,"['Image Effects', 'Text Effects']"
380,63,Female,College,CRS02,50,28,1,"['Text Effects', 'Color Correction', 'Layer Management', 'Toolbox']"
381,61,Female,College,CRS02,50,30,1,"['Layer Masking', 'Text Effects', 'Color Correction', 'Photo Retouching']"
382,31,Female,Elementary,CRS03,30,42,0,[]
383,27,Male,Elementary,CRS01,15,16,0,[]
384,66,Female,College,CRS03,15,21,0,[]
385,37,Female,College,CRS01,50,25,0,[]
386,54,Male,High School,CRS02,15,21,0,[]
387,42,Female,College,CRS02,15,24,0,[]
388,62,Female,College,CRS03,30,49,1,"['Links and Navigation', 'Website Structure']"
389,69,Male,High School,CRS02,50,19,0,[]
390,25,Female,Elementary,CRS02,50,19,1,"['Layer Management', 'Photo Retouching', 'Filters', 'Layer Masking']"
391,66,Female,Elementary,CRS02,15,33,1,"['Layer Masking', 'Layer Management', 'Toolbox']"
392,61,Female,Elementary,CRS01,15,20,0,[]
393,41,Female,High School,CRS03,30,34,1,"['CSS Styling', 'Responsive Design', 'HTML Basics']"
394,68,Male,Elementary,CRS02,30,22,0,[]
395,22,Male,College,CRS03,15,10,0,[]
396,56,Male,Elementary,CRS03,15,24,1,"['Website Structure', 'CSS Properties', 'CSS Styling', 'Attributes']"
397,52,Male,Elementary,CRS02,15,38,1,"['Toolbox', 'Layer Management', 'Layer Masking']"
398,58,Male,College,CRS02,50,15,1,"['Layer Masking', 'Image Effects', 'Toolbox', 'Filters']"
399,20,Male,College,CRS02,15,42,1,"['Layer Management', 'Toolbox']"
400,39,Male,High School,CRS01,15,32,0,[]
401,56,Male,High School,CRS01,15,12,0,[]
402,59,Female,High School,CRS03,50,42,0,[]
403,57,Female,High School,CRS02,30,5,1,"['Text Effects', 'Toolbox', 'Color Correction', 'Layer Management']"
404,50,Male,Elementary,CRS03,50,10,0,[]
405,61,Female,Elementary,CRS03,50,48,0,[]
406,22,Male,College,CRS02,30,14,1,"['Toolbox', 'Photo Retouching', 'Layer Masking', 'Layer Management']"
407,39,Male,Elementary,CRS01,30,47,1,"['Charts', 'Excel Formulas']"
408,51,Male,High School,CRS01,30,28,1,"['Spread Sheets', 'Charts', 'Macros', 'PowerPoint Design']"
409,60,Female,High School,CRS02,50,25,1,"['Photo Retouching', 'Text Effects', 'Layer Management', 'Toolbox']"
410,68,Female,College,CRS03,15,46,0,[]
411,42,Male,High School,CRS01,15,12,0,[]
412,61,Female,High School,CRS02,50,21,1,"['Image Effects', 'Layer Management', 'Color Correction', 'Toolbox']"
413,52,Male,College,CRS03,50,20,1,"['Links and Navigation', 'SEO Basics', 'CSS Styling', 'CSS Properties']"
414,34,Female,Elementary,CRS01,15,18,1,"['Macros', 'Word Formatting', 'Data Analysis', 'Understanding Windows']"
415,64,Female,High School,CRS03,15,1,1,"['Links and Navigation', 'JavaScript Basics', 'SEO Basics', 'Website Structure']"
416,55,Male,College,CRS01,30,17,1,"['Understanding Windows', 'PowerPoint Design', 'Excel Formulas', 'Windows History']"
417,60,Male,High School,CRS01,30,1,0,[]
418,36,Female,High School,CRS02,15,2,1,"['Layer Masking', 'Filters', 'Color Correction', 'Photo Retouching']"
419,19,Female,High School,CRS01,30,17,1,"['Excel Formulas', 'Charts', 'Spread Sheets', 'Understanding Windows']"
420,43,Female,High School,CRS01,50,16,1,"['Data Analysis', 'Excel Formulas', 'Windows History', 'Macros']"
421,70,Female,High School,CRS02,15,21,1,"['Layer Management', 'Filters', 'Color Correction', 'Text Effects']"
422,45,Male,College,CRS03,15,19,0,[]
423,65,Male,High School,CRS02,30,30,1,"['Image Effects', 'Photo Retouching', 'Filters', 'Toolbox']"
424,28,Male,Elementary,CRS03,50,31,0,[]
425,33,Male,High School,CRS03,50,34,1,"['Attributes', 'CSS Styling', 'Responsive Design']"
426,59,Male,High School,CRS01,50,39,0,[]
427,70,Male,College,CRS02,15,47,1,"['Color Correction', 'Image Effects']"
428,48,Female,High School,CRS01,30,27,1,"['Spread Sheets', 'Charts', 'PowerPoint Design', 'Windows History']"
429,38,Male,Elementary,CRS03,30,26,1,"['CSS Styling', 'Website Structure', 'Responsive Design', 'CSS Properties']"
430,20,Female,Elementary,CRS03,30,3,1,"['CSS Properties', 'Responsive Design', 'Links and Navigation', 'Website Structure']"
431,61,Female,High School,CRS02,15,21,1,"['Filters', 'Layer Management', 'Layer Masking', 'Image Effects']"
432,45,Male,College,CRS01,15,38,1,"['Understanding Windows', 'Excel Formulas', 'Data Analysis']"
433,19,Male,High School,CRS02,50,49,1,"['Filters', 'Image Effects']"
434,33,Female,Elementary,CRS01,50,45,0,[]
435,20,Female,Elementary,CRS02,50,36,1,"['Color Correction', 'Text Effects', 'Filters']"
436,43,Female,High School,CRS03,15,21,0,[]
437,70,Male,College,CRS03,50,2,1,"['HTML Basics', 'Website Structure', 'Responsive Design', 'JavaScript Basics']"
438,26,Male,High School,CRS03,30,8,0,[]
439,57,Male,High School,CRS03,15,35,1,"['Links and Navigation', 'Website Structure', 'CSS Styling']"
440,18,Male,High School,CRS03,30,40,1,"['CSS Properties', 'CSS Styling', 'HTML Basics']"
441,45,Female,High School,CRS03,30,28,0,[]
442,58,Female,Elementary,CRS02,50,5,1,"['Layer Management', 'Photo Retouching', 'Image Effects', 'Toolbox']"
443,32,Male,Elementary,CRS03,50,30,0,[]
444,64,Female,Elementary,CRS02,15,9,1,"['Photo Retouching', 'Layer Management', 'Layer Masking', 'Toolbox']"
445,30,Male,Elementary,CRS01,15,49,1,"['Excel Formulas', 'Spread Sheets']"
446,38,Female,Elementary,CRS01,30,9,0,[]
447,64,Male,College,CRS01,30,14,1,"['PowerPoint Design', 'Windows History', 'Spread Sheets', 'Data Analysis']"
448,33,Female,High School,CRS02,50,45,0,[]
449,23,Male,Elementary,CRS03,15,22,1,"['CSS Styling', 'Responsive Design', 'CSS Properties', 'JavaScript Basics']"
450,60,Female,College,CRS01,30,41,0,[]
451,23,Female,College,CRS01,15,34,1,"['Macros', 'Charts', 'Spread Sheets']"
452,40,Female,Elementary,CRS02,30,49,1,"['Photo Retouching', 'Filters']"
453,59,Male,High School,CRS01,15,25,1,"['Spread Sheets', 'Windows History', 'PowerPoint Design', 'Word Formatting']"
454,61,Female,Elementary,CRS02,50,3,0,[]
455,31,Female,College,CRS02,15,34,0,[]
456,38,Female,High School,CRS02,30,12,0,[]
457,70,Male,College,CRS01,50,30,0,[]
458,43,Male,High School,CRS03,30,27,1,"['CSS Styling', 'Responsive Design', 'Website Structure', 'Attributes']"
459,57,Female,Elementary,CRS03,15,39,0,[]
460,40,Female,Elementary,CRS02,30,9,1,"['Layer Masking', 'Image Effects', 'Toolbox', 'Layer Management']"
461,20,Male,College,CRS01,30,47,0,[]
462,48,Female,High School,CRS02,50,29,0,[]
463,21,Female,High School,CRS02,15,14,0,[]
464,69,Female,Elementary,CRS01,50,4,1,"['PowerPoint Design', 'Windows History', 'Spread Sheets', 'Word Formatting']"
465,43,Female,Elementary,CRS03,30,35,0,[]
466,38,Female,College,CRS01,15,6,0,[]
467,44,Female,High School,CRS03,50,32,1,"['CSS Styling', 'Website Structure', 'SEO Basics']"
468,63,Male,High School,CRS01,50,9,0,[]
469,70,Male,High School,CRS01,50,16,0,[]
470,68,Female,High School,CRS03,30,47,0,[]
471,34,Female,College,CRS03,15,40,1,"['Attributes', 'HTML Basics', 'CSS Styling']"
472,46,Male,Elementary,CRS03,50,43,0,[]
473,29,Female,High School,CRS02,30,14,0,[]
474,53,Male,Elementary,CRS02,15,27,0,[]
475,59,Female,College,CRS03,15,41,1,"['JavaScript Basics', 'SEO Basics']"
476,21,Female,Elementary,CRS03,30,4,1,"['SEO Basics', 'HTML Basics', 'Attributes', 'CSS Properties']"
477,55,Female,High School,CRS01,15,33,1,"['Macros', 'Understanding Windows', 'PowerPoint Design']"
478,44,Female,College,CRS01,30,36,0,[]
479,70,Female,High School,CRS02,50,5,0,[]
480,68,Female,Elementary,CRS02,50,38,0,[]
481,27,Male,College,CRS03,15,15,1,"['Links and Navigation', 'CSS Styling', 'Responsive Design', 'CSS Properties']"
482,38,Female,Elementary,CRS03,50,17,1,"['SEO Basics', 'CSS Properties', 'Attributes', 'CSS Styling']"
483,33,Male,High School,CRS03,30,3,1,"['CSS Properties', 'Attributes', 'HTML Basics', 'Links and Navigation']"
484,36,Male,Elementary,CRS01,50,27,0,[]
485,43,Female,High School,CRS02,15,50,1,"['Layer Management', 'Text Effects']"
486,65,Female,College,CRS03,30,12,1,"['Responsive Design', 'CSS Properties', 'Website Structure', 'Attributes']"
487,39,Female,Elementary,CRS02,30,2,1,"['Layer Management', 'Photo Retouching', 'Toolbox', 'Filters']"
488,28,Female,High School,CRS01,30,42,1,"['Excel Formulas', 'Word Formatting']"
489,25,Female,Elementary,CRS01,30,43,0,[]
490,64,Male,College,CRS01,30,25,1,"['Data Analysis', 'Spread Sheets', 'PowerPoint Design', 'Word Formatting']"
491,23,Male,Elementary,CRS02,15,15,1,"['Text Effects', 'Filters', 'Color Correction', 'Toolbox']"
492,50,Male,Elementary,CRS03,15,20,1,"['HTML Basics', 'SEO Basics', 'Website Structure', 'Responsive Design']"
493,28,Female,High School,CRS02,15,47,0,[]
494,33,Female,Elementary,CRS01,30,8,0,[]
495,34,Female,High School,CRS01,50,43,1,"['Spread Sheets', 'Charts']"
496,26,Male,Elementary,CRS01,15,45,0,[]
497,53,Male,College,CRS02,15,1,0,[]
498,59,Male,College,CRS03,50,22,1,"['Attributes', 'CSS Styling', 'Responsive Design', 'JavaScript Basics']"
499,27,Male,High School,CRS02,50,3,1,"['Image Effects', 'Layer Management', 'Text Effects', 'Color Correction']"
500,68,Female,High School,CRS02,50,11,1,"['Layer Management', 'Color Correction', 'Photo Retouching', 'Text Effects']"
501,23,Female,Elementary,CRS01,15,15,1,"['Understanding Windows', 'Windows History', 'Spread Sheets', 'Excel Formulas']"
502,36,Male,Elementary,CRS02,50,42,0,[]
503,65,Male,Elementary,CRS02,30,37,0,[]
504,58,Female,Elementary,CRS03,50,32,0,[]
505,38,Male,High School,CRS01,15,3,0,[]
506,28,Male,High School,CRS02,15,20,0,[]
507,48,Male,Elementary,CRS02,30,2,0,[]
508,26,Male,Elementary,CRS02,30,46,1,"['Text Effects', 'Layer Management']"
509,45,Male,Elementary,CRS01,30,33,1,"['Macros', 'Word Formatting', 'Data Analysis']"
510,21,Female,High School,CRS03,50,18,0,[]
511,37,Female,High School,CRS02,15,50,1,"['Toolbox', 'Layer Masking']"
512,22,Female,High School,CRS01,30,16,1,"['Windows History', 'Excel Formulas', 'Charts', 'Spread Sheets']"
513,59,Female,High School,CRS01,30,3,0,[]
514,46,Male,Elementary,CRS01,30,11,1,"['Windows History', 'Understanding Windows', 'Macros', 'Word Formatting']"
515,43,Female,High School,CRS03,30,8,1,"['SEO Basics', 'JavaScript Basics', 'Website Structure', 'Responsive Design']"
516,18,Male,College,CRS02,50,15,1,"['Photo Retouching', 'Layer Management', 'Toolbox', 'Layer Masking']"
517,52,Female,Elementary,CRS01,30,25,1,"['Excel Formulas', 'Charts', 'PowerPoint Design', 'Windows History']"
518,24,Male,Elementary,CRS01,50,38,0,[]
519,45,Female,College,CRS03,30,42,1,"['Attributes', 'CSS Styling']"
520,68,Male,College,CRS01,30,36,1,"['Word Formatting', 'Charts', 'Macros']"
521,50,Male,College,CRS01,50,37,0,[]
522,20,Female,College,CRS02,50,34,1,"['Layer Management', 'Photo Retouching', 'Filters']"
523,23,Female,Elementary,CRS03,30,49,0,[]
524,23,Male,Elementary,CRS02,50,24,0,[]
525,30,Female,College,CRS01,50,1,0,[]
526,28,Female,College,CRS03,15,25,0,[]
527,44,Male,High School,CRS01,30,8,1,"['PowerPoint Design', 'Data Analysis', 'Excel Formulas', 'Charts']"
528,22,Male,Elementary,CRS03,50,21,1,"['Website Structure', 'SEO Basics', 'CSS Properties', 'JavaScript Basics']"
529,49,Female,College,CRS03,30,30,1,"['HTML Basics', 'Attributes', 'CSS Styling', 'JavaScript Basics']"
530,36,Female,High School,CRS03,50,9,0,[]
531,45,Female,College,CRS03,15,17,0,[]
532,65,Male,College,CRS01,15,29,0,[]
533,31,Male,College,CRS01,30,5,1,"['PowerPoint Design', 'Spread Sheets', 'Word Formatting', 'Charts']"
534,23,Female,College,CRS02,30,48,0,[]
535,51,Male,Elementary,CRS03,15,22,1,"['JavaScript Basics', 'Attributes', 'CSS Styling', 'Website Structure']"
536,59,Female,High School,CRS02,30,15,1,"['Toolbox', 'Layer Management', 'Filters', 'Color Correction']"
537,24,Male,College,CRS03,30,13,0,[]
538,19,Male,College,CRS03,15,24,1,"['JavaScript Basics', 'Links and Navigation', 'Responsive Design', 'Website Structure']"
539,37,Male,Elementary,CRS02,30,29,0,[]
540,46,Female,College,CRS01,50,49,0,[]
541,22,Female,High School,CRS01,15,19,0,[]
542,51,Female,Elementary,CRS02,30,42,0,[]
543,29,Male,College,CRS01,50,49,1,"['Spread Sheets', 'Excel Formulas']"
544,39,Female,High School,CRS02,15,7,0,[]
545,34,Female,College,CRS01,30,40,1,"['Charts', 'Data Analysis', 'Windows History']"
546,33,Male,High School,CRS03,30,18,0,[]
547,41,Female,College,CRS01,50,9,0,[]
548,55,Male,College,CRS02,15,9,0,[]
549,34,Female,Elementary,CRS02,30,2,0,[]
550,39,Female,Elementary,CRS02,30,8,0,[]
551,33,Female,High School,CRS03,50,39,0,[]
552,30,Female,Elementary,CRS03,50,35,0,[]
553,47,Female,Elementary,CRS01,50,33,0,[]
554,35,Female,College,CRS03,30,1,1,"['Links and Navigation', 'Attributes', 'CSS Styling', 'CSS Properties']"
555,38,Female,College,CRS01,50,14,1,"['Excel Formulas', 'Macros', 'Understanding Windows', 'PowerPoint Design']"
556,49,Female,College,CRS01,15,20,1,"['Macros', 'Spread Sheets', 'Understanding Windows', 'PowerPoint Design']"
557,26,Female,High School,CRS01,15,38,1,"['Macros', 'Understanding Windows', 'PowerPoint Design']"
558,22,Female,High School,CRS03,15,8,0,[]
559,69,Female,College,CRS01,50,16,1,"['Understanding Windows', 'Windows History', 'PowerPoint Design', 'Word Formatting']"
560,43,Female,High School,CRS01,50,35,0,[]
561,42,Female,College,CRS03,50,35,0,[]
562,49,Female,Elementary,CRS01,50,41,1,"['Data Analysis', 'Macros']"
563,36,Female,High School,CRS03,30,20,0,[]
564,36,Female,College,CRS01,15,29,1,"['Macros', 'Understanding Windows', 'Windows History', 'Word Formatting']"
565,19,Male,High School,CRS02,15,24,0,[]
566,49,Female,College,CRS01,15,33,0,[]
567,18,Female,High School,CRS02,15,29,1,"['Filters', 'Image Effects', 'Photo Retouching', 'Color Correction']"
568,53,Male,High School,CRS01,15,43,0,[]
569,21,Female,College,CRS01,15,25,0,[]
570,62,Male,College,CRS02,30,40,1,"['Layer Management', 'Layer Masking', 'Text Effects']"
571,33,Female,Elementary,CRS01,50,3,1,"['Data Analysis', 'Excel Formulas', 'Spread Sheets', 'Charts']"
572,68,Female,Elementary,CRS03,50,36,0,[]
573,45,Female,Elementary,CRS03,30,7,1,"['CSS Styling', 'CSS Properties', 'Attributes', 'SEO Basics']"
574,46,Male,Elementary,CRS01,50,30,1,"['PowerPoint Design', 'Data Analysis', 'Understanding Windows', 'Windows History']"
575,41,Male,Elementary,CRS03,30,16,0,[]
576,36,Male,High School,CRS02,30,13,0,[]
577,44,Male,College,CRS03,50,27,1,"['HTML Basics', 'Links and Navigation', 'Responsive Design', 'CSS Properties']"
578,62,Male,High School,CRS01,30,50,1,"['Excel Formulas', 'Macros']"
579,27,Male,College,CRS03,30,27,0,[]
580,26,Female,College,CRS02,30,30,1,"['Toolbox', 'Layer Masking', 'Layer Management', 'Text Effects']"
581,45,Male,Elementary,CRS03,30,7,0,[]
582,67,Female,High School,CRS03,50,9,1,"['Responsive Design', 'Links and Navigation', 'Website Structure', 'Attributes']"
583,65,Female,High School,CRS02,50,16,0,[]
584,32,Female,High School,CRS03,50,20,0,[]
585,39,Male,Elementary,CRS02,15,19,0,[]
586,59,Female,College,CRS02,15,37,1,"['Toolbox', 'Photo Retouching', 'Filters']"
587,28,Female,College,CRS01,50,15,0,[]
588,50,Male,High School,CRS01,15,45,0,[]
589,46,Female,Elementary,CRS01,15,17,0,[]
590,54,Male,High School,CRS03,30,50,0,[]
591,26,Male,Elementary,CRS03,50,23,1,"['Attributes', 'SEO Basics', 'CSS Styling', 'JavaScript Basics']"
592,52,Female,High School,CRS03,50,20,0,[]
593,31,Male,High School,CRS01,50,35,0,[]
594,31,Female,High School,CRS01,15,7,0,[]
595,54,Male,College,CRS03,15,40,1,"['Website Structure', 'Responsive Design', 'Attributes']"
596,27,Male,High School,CRS03,30,33,0,[]
597,47,Female,Elementary,CRS03,30,30,1,"['HTML Basics', 'Attributes', 'SEO Basics', 'Links and Navigation']"
598,43,Male,College,CRS01,15,12,0,[]
599,60,Male,High School,CRS03,15,4,0,[]
600,67,Male,High School,CRS01,30,10,1,"['Word Formatting', 'PowerPoint Design', 'Windows History', 'Macros']"
601,37,Female,College,CRS02,30,2,1,"['Filters', 'Layer Management', 'Text Effects', 'Toolbox']"
602,59,Male,Elementary,CRS03,30,39,1,"['Attributes', 'Website Structure', 'JavaScript Basics']"
603,38,Female,High School,CRS03,50,37,0,[]
604,56,Female,Elementary,CRS03,15,50,1,"['Links and Navigation', 'Website Structure']"
605,25,Male,Elementary,CRS03,30,5,1,"['Website Structure', 'JavaScript Basics', 'Responsive Design', 'Links and Navigation']"
606,29,Male,College,CRS02,30,44,0,[]
607,64,Male,High School,CRS01,15,50,1,"['Excel Formulas', 'Data Analysis']"
608,22,Male,Elementary,CRS02,15,33,0,[]
609,43,Male,College,CRS01,15,40,1,"['Windows History', 'Excel Formulas', 'PowerPoint Design']"
610,62,Male,High School,CRS01,15,14,0,[]
611,20,Male,College,CRS02,15,13,1,"['Color Correction', 'Image Effects', 'Layer Masking', 'Layer Management']"
612,19,Female,Elementary,CRS03,50,34,0,[]
613,52,Female,High School,CRS01,15,16,0,[]
614,55,Female,High School,CRS02,50,32,1,"['Image Effects', 'Layer Masking', 'Toolbox']"
615,23,Female,Elementary,CRS02,30,36,0,[]
616,42,Female,Elementary,CRS01,50,20,1,"['Macros', 'Excel Formulas', 'Data Analysis', 'Understanding Windows']"
617,36,Female,College,CRS02,15,49,0,[]
618,36,Female,College,CRS03,15,15,1,"['JavaScript Basics', 'HTML Basics', 'SEO Basics', 'Links and Navigation']"
619,57,Male,High School,CRS01,30,50,0,[]
620,62,Female,College,CRS01,15,14,0,[]
621,69,Male,High School,CRS02,15,9,1,"['Photo Retouching', 'Layer Masking', 'Image Effects', 'Layer Management']"
622,52,Female,College,CRS03,30,28,1,"['HTML Basics', 'Responsive Design', 'SEO Basics', 'Attributes']"
623,60,Male,Elementary,CRS02,30,1,0,[]
624,27,Male,Elementary,CRS01,30,50,0,[]
625,27,Female,Elementary,CRS03,15,33,1,"['CSS Styling', 'Website Structure', 'SEO Basics']"
626,20,Female,College,CRS03,30,6,0,[]
627,35,Female,College,CRS01,15,1,0,[]
628,36,Female,Elementary,CRS03,15,24,1,"['Responsive Design', 'SEO Basics', 'Attributes', 'JavaScript Basics']"
629,24,Male,College,CRS01,30,33,0,[]
630,21,Female,High School,CRS02,15,10,0,[]
631,40,Female,College,CRS01,50,7,1,"['Word Formatting', 'Spread Sheets', 'Understanding Windows', 'Data Analysis']"
632,40,Male,Elementary,CRS01,15,24,1,"['Understanding Windows', 'Charts', 'PowerPoint Design', 'Macros']"
633,34,Male,College,CRS03,30,7,1,"['Responsive Design', 'CSS Properties', 'HTML Basics', 'JavaScript Basics']"
634,60,Female,Elementary,CRS01,15,18,0,[]
635,30,Female,High School,CRS03,15,35,1,"['HTML Basics', 'SEO Basics', 'Links and Navigation']"
636,67,Female,College,CRS02,50,14,1,"['Color Correction', 'Image Effects', 'Filters', 'Toolbox']"
637,68,Female,Elementary,CRS03,30,24,0,[]
638,43,Female,Elementary,CRS01,15,33,1,"['PowerPoint Design', 'Spread Sheets', 'Word Formatting']"
639,58,Male,Elementary,CRS02,15,32,0,[]
640,42,Male,Elementary,CRS02,15,26,0,[]
641,28,Female,High School,CRS02,30,9,1,"['Layer Management', 'Image Effects', 'Text Effects', 'Toolbox']"
642,46,Female,Elementary,CRS02,15,26,0,[]
643,54,Female,High School,CRS01,50,39,1,"['Excel Formulas', 'PowerPoint Design', 'Macros']"
644,30,Male,High School,CRS02,30,25,0,[]
645,32,Female,Elementary,CRS03,15,14,0,[]
646,41,Female,College,CRS01,30,5,0,[]
647,51,Female,High School,CRS03,30,7,1,"['HTML Basics', 'Website Structure', 'SEO Basics', 'JavaScript Basics']"
648,24,Male,Elementary,CRS02,30,14,1,"['Color Correction', 'Layer Management', 'Photo Retouching', 'Image Effects']"
649,54,Female,College,CRS03,15,6,1,"['Responsive Design', 'JavaScript Basics', 'Website Structure', 'HTML Basics']"
650,44,Female,College,CRS03,30,29,0,[]
651,40,Male,College,CRS02,15,21,0,[]
652,61,Male,Elementary,CRS02,30,14,0,[]
653,63,Male,College,CRS01,30,26,1,"['Data Analysis', 'Spread Sheets', 'Macros', 'Understanding Windows']"
654,50,Male,College,CRS02,30,29,0,[]
655,38,Male,Elementary,CRS01,15,35,0,[]
656,19,Female,Elementary,CRS03,50,9,1,"['Website Structure', 'Responsive Design', 'Links and Navigation', 'Attributes']"
657,58,Female,Elementary,CRS03,30,50,1,"['HTML Basics', 'SEO Basics']"
658,34,Male,High School,CRS02,50,7,1,"['Layer Masking', 'Photo Retouching', 'Text Effects', 'Image Effects']"
659,52,Male,College,CRS03,30,21,0,[]
660,65,Male,High School,CRS02,50,37,1,"['Layer Masking', 'Photo Retouching', 'Image Effects']"
661,62,Female,College,CRS03,15,21,0,[]
662,55,Male,College,CRS01,30,39,1,"['Macros', 'Excel Formulas', 'PowerPoint Design']"
663,57,Male,Elementary,CRS02,30,21,1,"['Layer Masking', 'Image Effects', 'Color Correction', 'Text Effects']"
664,36,Male,College,CRS03,50,14,1,"['HTML Basics', 'JavaScript Basics', 'Website Structure', 'Responsive Design']"
665,21,Male,College,CRS02,50,10,1,"['Layer Masking', 'Color Correction', 'Photo Retouching', 'Text Effects']"
666,24,Female,College,CRS01,30,38,1,"['Understanding Windows', 'Windows History', 'Spread Sheets']"
667,60,Female,College,CRS02,30,8,0,[]
668,51,Female,College,CRS03,50,9,1,"['Website Structure', 'Links and Navigation', 'Responsive Design', 'JavaScript Basics']"
669,37,Male,Elementary,CRS01,50,2,1,"['Data Analysis', 'Understanding Windows', 'Excel Formulas', 'Windows History']"
670,43,Male,College,CRS02,30,39,1,"['Color Correction', 'Layer Management', 'Image Effects']"
671,40,Male,College,CRS02,15,10,0,[]
672,25,Male,Elementary,CRS02,15,16,1,"['Color Correction', 'Image Effects', 'Filters', 'Toolbox']"
673,26,Female,Elementary,CRS01,15,3,1,"['PowerPoint Design', 'Charts', 'Word Formatting', 'Macros']"
674,52,Male,College,CRS03,30,9,0,[]
675,38,Female,High School,CRS01,50,1,0,[]
676,60,Female,Elementary,CRS03,50,49,0,[]
677,30,Female,Elementary,CRS02,50,34,0,[]
678,19,Male,Elementary,CRS03,30,44,1,"['HTML Basics', 'Attributes']"
679,48,Female,College,CRS03,50,15,0,[]
680,50,Male,High School,CRS01,15,44,0,[]
681,40,Female,High School,CRS02,50,16,0,[]
682,43,Female,Elementary,CRS01,50,30,0,[]
683,53,Female,Elementary,CRS03,50,31,1,"['SEO Basics', 'HTML Basics', 'Responsive Design']"
684,55,Male,Elementary,CRS01,30,14,1,"['Macros', 'Understanding Windows', 'Excel Formulas', 'PowerPoint Design']"
685,24,Female,Elementary,CRS02,15,44,1,"['Text Effects', 'Photo Retouching']"
686,50,Male,High School,CRS01,50,19,0,[]
687,63,Male,College,CRS01,15,19,0,[]
688,42,Male,Elementary,CRS02,30,4,0,[]
689,39,Male,Elementary,CRS03,30,45,0,[]
690,40,Male,College,CRS02,50,50,1,"['Image Effects', 'Color Correction']"
691,51,Female,High School,CRS02,15,24,1,"['Image Effects', 'Layer Management', 'Toolbox', 'Text Effects']"
692,53,Male,Elementary,CRS02,30,1,1,"['Photo Retouching', 'Layer Masking', 'Toolbox', 'Filters']"
693,48,Male,College,CRS02,15,6,1,"['Text Effects', 'Layer Management', 'Filters', 'Layer Masking']"
694,56,Female,College,CRS02,15,28,0,[]
695,68,Male,Elementary,CRS01,50,48,1,"['Word Formatting', 'Understanding Windows']"
696,55,Female,Elementary,CRS01,50,32,0,[]
697,32,Female,College,CRS03,15,7,0,[]
698,43,Female,High School,CRS01,30,43,1,"['Macros', 'PowerPoint Design']"
699,47,Male,High School,CRS02,15,21,1,"['Toolbox', 'Filters', 'Layer Management', 'Photo Retouching']"
700,54,Male,Elementary,CRS03,15,39,1,"['Attributes', 'SEO Basics', 'HTML Basics']"
701,59,Male,High School,CRS03,15,34,1,"['SEO Basics', 'HTML Basics', 'Attributes']"
702,29,Male,College,CRS02,15,33,0,[]
703,34,Male,College,CRS03,15,8,0,[]
704,60,Female,High School,CRS01,15,12,1,"['Charts', 'Excel Formulas', 'Windows History', 'Word Formatting']"
705,65,Male,College,CRS03,50,24,1,"['Responsive Design', 'JavaScript Basics', 'SEO Basics', 'Website Structure']"
706,41,Female,High School,CRS03,15,41,0,[]
707,65,Male,High School,CRS01,30,7,0,[]
708,66,Female,Elementary,CRS03,30,38,1,"['CSS Styling', 'Attributes', 'Links and Navigation']"
709,20,Female,Elementary,CRS03,30,6,0,[]
710,69,Male,Elementary,CRS02,50,13,1,"['Layer Masking', 'Image Effects', 'Toolbox', 'Color Correction']"
711,48,Female,College,CRS01,50,27,1,"['Spread Sheets', 'Macros', 'Word Formatting', 'Windows History']"
712,31,Female,Elementary,CRS03,50,14,0,[]
713,25,Male,High School,CRS02,15,7,0,[]
714,39,Female,Elementary,CRS01,50,48,1,"['Spread Sheets', 'Charts']"
715,59,Male,Elementary,CRS01,50,8,1,"['Data Analysis', 'Spread Sheets', 'PowerPoint Design', 'Understanding Windows']"
716,24,Male,College,CRS02,50,8,0,[]
717,23,Male,College,CRS01,15,21,1,"['Spread Sheets', 'Windows History', 'PowerPoint Design', 'Excel Formulas']"
718,35,Female,College,CRS01,50,37,1,"['Understanding Windows', 'Windows History', 'Data Analysis']"
719,50,Female,Elementary,CRS03,15,50,0,[]
720,30,Female,High School,CRS01,50,49,0,[]
721,60,Male,College,CRS03,50,7,1,"['Attributes', 'SEO Basics', 'Website Structure', 'HTML Basics']"
722,29,Female,Elementary,CRS02,30,18,1,"['Layer Masking', 'Filters', 'Image Effects', 'Text Effects']"
723,49,Female,Elementary,CRS01,30,49,0,[]
724,47,Male,College,CRS01,50,6,0,[]
725,66,Female,High School,CRS02,30,13,1,"['Color Correction', 'Layer Masking', 'Layer Management', 'Photo Retouching']"
726,52,Male,Elementary,CRS03,50,18,0,[]
727,66,Female,College,CRS02,30,10,0,[]
728,46,Female,High School,CRS02,50,19,0,[]
729,45,Female,Elementary,CRS02,50,12,1,"['Layer Management', 'Photo Retouching', 'Layer Masking', 'Text Effects']"
730,32,Male,Elementary,CRS01,15,19,0,[]
731,58,Female,Elementary,CRS01,50,48,0,[]
732,40,Male,Elementary,CRS01,30,24,0,[]
733,33,Male,Elementary,CRS02,30,47,0,[]
734,49,Female,High School,CRS03,30,1,0,[]
735,69,Female,Elementary,CRS01,50,2,0,[]
736,59,Male,College,CRS02,30,45,0,[]
737,69,Female,Elementary,CRS01,50,23,0,[]
738,69,Male,Elementary,CRS02,30,36,0,[]
739,36,Male,Elementary,CRS03,15,29,1,"['Responsive Design', 'Links and Navigation', 'HTML Basics', 'Website Structure']"
740,56,Male,Elementary,CRS01,30,8,1,"['PowerPoint Design', 'Charts', 'Excel Formulas', 'Windows History']"
741,60,Male,College,CRS02,15,15,0,[]
742,57,Male,High School,CRS01,30,48,1,"['Macros', 'Understanding Windows']"
743,34,Male,College,CRS01,50,2,1,"['Charts', 'PowerPoint Design', 'Spread Sheets', 'Data Analysis']"
744,52,Female,High School,CRS01,50,31,1,"['Word Formatting', 'PowerPoint Design', 'Macros']"
745,20,Female,Elementary,CRS01,15,37,1,"['Excel Formulas', 'Word Formatting', 'Spread Sheets']"
746,35,Female,Elementary,CRS03,15,29,0,[]
747,34,Male,High School,CRS01,15,33,0,[]
748,24,Male,Elementary,CRS03,30,23,0,[]
749,53,Male,Elementary,CRS02,15,42,0,[]
750,54,Female,Elementary,CRS01,15,46,0,[]
751,25,Male,Elementary,CRS03,15,41,1,"['Attributes', 'CSS Properties']"
752,33,Female,Elementary,CRS01,30,12,1,"['Macros', 'Charts', 'Spread Sheets', 'Excel Formulas']"
753,37,Male,Elementary,CRS01,50,6,0,[]
754,58,Female,Elementary,CRS02,50,14,0,[]
755,42,Female,High School,CRS03,50,27,0,[]
756,54,Male,Elementary,CRS02,50,7,0,[]
757,63,Male,Elementary,CRS02,30,37,1,"['Photo Retouching', 'Image Effects', 'Filters']"
758,66,Female,High School,CRS03,50,10,1,"['HTML Basics', 'Attributes', 'JavaScript Basics', 'CSS Styling']"
759,28,Female,Elementary,CRS02,50,12,0,[]
760,48,Male,Elementary,CRS02,15,23,1,"['Text Effects', 'Filters', 'Layer Masking', 'Photo Retouching']"
761,26,Female,College,CRS01,30,37,0,[]
762,28,Male,High School,CRS02,15,32,1,"['Layer Masking', 'Color Correction', 'Text Effects']"
763,56,Female,High School,CRS01,50,16,0,[]
764,54,Female,Elementary,CRS03,15,32,1,"['SEO Basics', 'Website Structure', 'JavaScript Basics']"
765,36,Male,College,CRS03,50,21,1,"['SEO Basics', 'Website Structure', 'JavaScript Basics', 'CSS Properties']"
766,61,Male,Elementary,CRS03,15,28,1,"['CSS Properties', 'JavaScript Basics', 'Attributes', 'CSS Styling']"
767,64,Male,Elementary,CRS01,30,28,0,[]
768,59,Female,High School,CRS03,30,7,1,"['CSS Styling', 'Responsive Design', 'SEO Basics', 'Attributes']"
769,47,Male,High School,CRS01,15,43,0,[]
770,54,Female,High School,CRS03,30,11,0,[]
771,61,Female,Elementary,CRS01,50,41,1,"['Data Analysis', 'Word Formatting']"
772,45,Male,Elementary,CRS03,30,27,1,"['SEO Basics', 'CSS Properties', 'Responsive Design', 'Website Structure']"
773,63,Male,High School,CRS03,50,36,1,"['SEO Basics', 'Website Structure', 'JavaScript Basics']"
774,28,Female,College,CRS01,15,33,0,[]
775,65,Male,High School,CRS02,50,11,0,[]
776,35,Female,College,CRS01,30,22,0,[]
777,70,Female,High School,CRS01,30,12,1,"['Spread Sheets', 'Word Formatting', 'Data Analysis', 'Windows History']"
778,39,Female,College,CRS02,50,32,1,"['Photo Retouching', 'Toolbox', 'Color Correction']"
779,54,Male,Elementary,CRS02,30,45,1,"['Toolbox', 'Photo Retouching']"
780,32,Male,College,CRS02,50,49,1,"['Layer Management', 'Photo Retouching']"
781,27,Female,Elementary,CRS03,15,14,0,[]
782,19,Male,Elementary,CRS03,50,22,0,[]
783,45,Male,Elementary,CRS03,30,12,0,[]
784,65,Male,High School,CRS02,50,18,0,[]
785,51,Female,Elementary,CRS02,15,43,1,"['Color Correction', 'Layer Management']"
786,70,Male,College,CRS02,30,19,0,[]
787,31,Female,Elementary,CRS01,30,19,0,[]
788,36,Female,High School,CRS02,15,29,0,[]
789,38,Female,High School,CRS02,30,41,0,[]
790,44,Male,College,CRS02,30,41,0,[]
791,35,Male,College,CRS02,30,2,1,"['Layer Masking', 'Text Effects', 'Filters', 'Toolbox']"
792,37,Female,Elementary,CRS02,30,36,0,[]
793,38,Male,Elementary,CRS03,15,39,1,"['CSS Properties', 'Attributes', 'JavaScript Basics']"
794,40,Male,High School,CRS02,30,3,0,[]
795,47,Male,Elementary,CRS01,15,37,1,"['Macros', 'PowerPoint Design', 'Spread Sheets']"
796,26,Female,High School,CRS03,50,1,0,[]
797,68,Male,College,CRS02,30,42,1,"['Filters', 'Toolbox']"
798,23,Male,College,CRS03,50,7,1,"['Responsive Design', 'JavaScript Basics', 'SEO Basics', 'CSS Styling']"
799,49,Male,Elementary,CRS03,50,9,0,[]
800,48,Male,High School,CRS02,15,2,0,[]
801,55,Male,Elementary,CRS03,30,25,1,"['Website Structure', 'Links and Navigation', 'Attributes', 'CSS Styling']"
802,42,Female,Elementary,CRS03,15,50,1,"['HTML Basics', 'CSS Styling']"
803,26,Male,College,CRS02,50,4,1,"['Image Effects', 'Layer Masking', 'Filters', 'Toolbox']"
804,21,Male,High School,CRS03,30,8,1,"['CSS Styling', 'Responsive Design', 'Links and Navigation', 'CSS Properties']"
805,19,Female,College,CRS01,50,40,0,[]
806,36,Female,College,CRS01,30,33,0,[]
807,32,Male,High School,CRS03,30,30,0,[]
808,24,Male,High School,CRS02,50,40,0,[]
809,45,Female,College,CRS03,15,17,0,[]
810,27,Male,Elementary,CRS03,15,17,0,[]
811,45,Male,College,CRS01,50,10,1,"['Macros', 'Spread Sheets', 'Data Analysis', 'Excel Formulas']"
812,44,Male,College,CRS02,50,11,0,[]
813,66,Female,Elementary,CRS03,30,49,1,"['Responsive Design', 'HTML Basics']"
814,52,Male,Elementary,CRS03,15,38,0,[]
815,45,Female,High School,CRS03,30,30,0,[]
816,33,Male,High School,CRS02,30,12,0,[]
817,26,Male,Elementary,CRS01,30,37,1,"['Data Analysis', 'Word Formatting', 'Macros']"
818,18,Male,Elementary,CRS02,15,28,1,"['Toolbox', 'Color Correction', 'Text Effects', 'Photo Retouching']"
819,69,Female,High School,CRS03,30,44,0,[]
820,55,Male,High School,CRS01,15,4,1,"['Windows History', 'Understanding Windows', 'Data Analysis', 'Word Formatting']"
821,42,Female,College,CRS02,50,29,0,[]
822,18,Female,Elementary,CRS03,30,28,0,[]
823,43,Female,College,CRS01,30,14,1,"['Charts', 'Macros', 'Windows History', 'Word Formatting']"
824,29,Female,Elementary,CRS03,30,39,1,"['Attributes', 'Links and Navigation', 'CSS Styling']"
825,33,Female,High School,CRS02,30,9,0,[]
826,33,Female,College,CRS03,50,44,0,[]
827,60,Female,College,CRS02,30,35,1,"['Photo Retouching', 'Layer Masking', 'Color Correction']"
828,40,Male,College,CRS03,50,37,1,"['CSS Properties', 'Attributes', 'SEO Basics']"
829,36,Male,College,CRS02,30,40,0,[]
830,23,Female,College,CRS02,50,14,0,[]
831,41,Female,Elementary,CRS01,30,15,1,"['Understanding Windows', 'Charts', 'Windows History', 'Macros']"
832,25,Male,Elementary,CRS01,30,19,1,"['PowerPoint Design', 'Spread Sheets', 'Windows History', 'Charts']"
833,46,Male,Elementary,CRS01,30,7,1,"['Macros', 'Data Analysis', 'Excel Formulas', 'Understanding Windows']"
834,52,Male,Elementary,CRS01,50,20,1,"['Word Formatting', 'Spread Sheets', 'Windows History', 'Macros']"
835,48,Male,High School,CRS02,30,5,0,[]
836,60,Male,Elementary,CRS03,30,3,0,[]
837,52,Female,High School,CRS03,50,47,1,"['CSS Styling', 'Website Structure']"
838,65,Female,Elementary,CRS01,15,42,1,"['Charts', 'Word Formatting']"
839,62,Male,Elementary,CRS03,50,26,1,"['Attributes', 'JavaScript Basics', 'CSS Properties', 'Responsive Design']"
840,40,Male,College,CRS02,50,4,1,"['Color Correction', 'Image Effects', 'Photo Retouching', 'Toolbox']"
841,60,Male,College,CRS03,15,2,1,"['CSS Properties', 'Responsive Design', 'HTML Basics', 'CSS Styling']"
842,66,Male,College,CRS01,50,21,0,[]
843,56,Male,College,CRS01,30,44,0,[]
844,60,Male,Elementary,CRS01,15,3,1,"['Data Analysis', 'Understanding Windows', 'PowerPoint Design', 'Macros']"
845,63,Male,High School,CRS02,50,17,1,"['Image Effects', 'Layer Management', 'Toolbox', 'Color Correction']"
846,33,Male,College,CRS01,15,27,0,[]
847,22,Female,College,CRS01,50,26,1,"['Data Analysis', 'Word Formatting', 'Charts', 'Windows History']"
848,61,Female,High School,CRS02,50,21,1,"['Toolbox', 'Text Effects', 'Layer Management', 'Color Correction']"
849,60,Male,High School,CRS02,50,11,1,"['Text Effects', 'Toolbox', 'Filters', 'Layer Management']"
850,39,Male,Elementary,CRS03,15,16,1,"['CSS Properties', 'JavaScript Basics', 'CSS Styling', 'HTML Basics']"
851,54,Male,Elementary,CRS01,50,1,0,[]
852,66,Male,High School,CRS01,15,12,0,[]
853,66,Female,Elementary,CRS02,50,39,0,[]
854,23,Male,High School,CRS03,30,40,1,"['CSS Styling', 'CSS Properties', 'Website Structure']"
855,54,Female,High School,CRS01,15,9,0,[]
856,54,Male,High School,CRS03,15,41,1,"['CSS Properties', 'Website Structure']"
857,34,Female,College,CRS02,15,46,0,[]
858,56,Female,Elementary,CRS01,30,37,0,[]
859,63,Female,College,CRS02,50,16,1,"['Photo Retouching', 'Color Correction', 'Image Effects', 'Toolbox']"
860,67,Male,College,CRS02,50,46,1,"['Toolbox', 'Layer Management']"
861,56,Male,Elementary,CRS01,30,35,1,"['Excel Formulas', 'Word Formatting', 'Data Analysis']"
862,64,Female,Elementary,CRS03,50,50,0,[]
863,54,Female,High School,CRS02,15,48,0,[]
864,68,Female,High School,CRS01,50,46,0,[]
865,63,Female,Elementary,CRS01,50,19,0,[]
866,48,Female,Elementary,CRS03,50,35,1,"['CSS Styling', 'Responsive Design', 'Links and Navigation']"
867,24,Female,High School,CRS03,50,30,1,"['Links and Navigation', 'SEO Basics', 'Attributes', 'Website Structure']"
868,25,Female,College,CRS01,50,38,0,[]
869,30,Female,High School,CRS02,30,29,1,"['Toolbox', 'Filters', 'Photo Retouching', 'Text Effects']"
870,55,Female,College,CRS02,50,45,1,"['Image Effects', 'Layer Masking']"
871,67,Female,College,CRS03,30,44,1,"['Website Structure', 'SEO Basics']"
872,66,Male,College,CRS03,50,24,1,"['Responsive Design', 'SEO Basics', 'CSS Properties', 'HTML Basics']"
873,69,Male,Elementary,CRS01,15,36,0,[]
874,45,Male,College,CRS03,15,29,1,"['CSS Properties', 'Website Structure', 'SEO Basics', 'Responsive Design']"
875,62,Male,High School,CRS01,50,38,0,[]
876,61,Female,High School,CRS02,15,14,0,[]
877,29,Female,High School,CRS01,50,3,0,[]
878,33,Female,College,CRS03,30,32,0,[]
879,70,Female,Elementary,CRS01,15,35,0,[]
880,70,Female,College,CRS01,50,35,0,[]
881,68,Female,High School,CRS01,15,47,1,"['Excel Formulas', 'Understanding Windows']"
882,38,Female,Elementary,CRS02,15,15,0,[]
883,65,Male,High School,CRS03,30,8,1,"['Attributes', 'Website Structure', 'Links and Navigation', 'Responsive Design']"
884,52,Female,Elementary,CRS02,30,30,0,[]
885,38,Female,College,CRS03,30,28,0,[]
886,57,Female,Elementary,CRS01,50,8,1,"['Understanding Windows', 'Data Analysis', 'Excel Formulas', 'Word Formatting']"
887,28,Female,High School,CRS01,15,18,0,[]
888,48,Female,Elementary,CRS03,30,17,0,[]
889,38,Male,High School,CRS01,15,32,0,[]
890,21,Male,Elementary,CRS02,15,2,1,"['Image Effects', 'Filters', 'Text Effects', 'Photo Retouching']"
891,65,Male,Elementary,CRS02,50,21,1,"['Color Correction', 'Toolbox', 'Layer Masking', 'Image Effects']"
892,19,Male,College,CRS02,30,2,1,"['Image Effects', 'Toolbox', 'Filters', 'Layer Management']"
893,24,Male,High School,CRS01,15,8,1,"['Charts', 'PowerPoint Design', 'Data Analysis', 'Understanding Windows']"
894,44,Male,College,CRS02,50,1,1,"['Layer Masking', 'Filters', 'Text Effects', 'Toolbox']"
895,55,Female,College,CRS03,15,3,0,[]
896,55,Female,College,CRS01,15,33,1,"['Windows History', 'Understanding Windows', 'Word Formatting']"
897,29,Male,College,CRS01,15,29,0,[]
898,48,Female,Elementary,CRS02,50,47,0,[]
899,42,Male,Elementary,CRS01,50,34,1,"['Windows History', 'Charts', 'Spread Sheets']"
900,48,Female,High School,CRS01,15,16,0,[]
901,31,Female,High School,CRS02,50,33,1,"['Filters', 'Toolbox', 'Color Correction']"
902,47,Female,College,CRS02,50,35,1,"['Layer Management', 'Image Effects', 'Layer Masking']"
903,38,Male,College,CRS03,15,48,0,[]
904,53,Female,Elementary,CRS02,15,37,1,"['Text Effects', 'Filters', 'Layer Masking']"
905,44,Female,Elementary,CRS03,30,11,1,"['CSS Styling', 'Attributes', 'CSS Properties', 'Website Structure']"
906,37,Female,Elementary,CRS02,15,26,1,"['Image Effects', 'Photo Retouching', 'Text Effects', 'Layer Management']"
907,18,Female,College,CRS01,50,1,1,"['Macros', 'PowerPoint Design', 'Spread Sheets', 'Understanding Windows']"
908,20,Female,College,CRS03,15,4,0,[]
909,51,Female,College,CRS01,50,23,0,[]
910,28,Female,Elementary,CRS01,30,25,0,[]
911,35,Male,Elementary,CRS02,30,23,1,"['Color Correction', 'Photo Retouching', 'Layer Masking', 'Image Effects']"
912,55,Female,High School,CRS02,30,19,0,[]
913,66,Female,Elementary,CRS03,50,22,1,"['SEO Basics', 'Responsive Design', 'Attributes', 'CSS Styling']"
914,47,Male,High School,CRS02,15,16,1,"['Layer Masking', 'Toolbox', 'Filters', 'Layer Management']"
915,28,Female,Elementary,CRS02,15,43,1,"['Color Correction', 'Photo Retouching']"
916,69,Female,Elementary,CRS02,30,33,1,"['Color Correction', 'Layer Masking', 'Toolbox']"
917,18,Male,College,CRS02,15,13,0,[]
918,43,Male,College,CRS03,30,5,1,"['Website Structure', 'Attributes', 'CSS Styling', 'CSS Properties']"
919,27,Female,Elementary,CRS02,30,43,0,[]
920,61,Female,High School,CRS02,30,4,0,[]
921,64,Male,Elementary,CRS01,15,38,1,"['Macros', 'Windows History', 'Word Formatting']"
922,39,Male,Elementary,CRS01,15,32,1,"['PowerPoint Design', 'Understanding Windows', 'Word Formatting']"
923,50,Female,Elementary,CRS03,15,13,0,[]
924,28,Male,College,CRS01,50,14,1,"['PowerPoint Design', 'Macros', 'Excel Formulas', 'Word Formatting']"
925,44,Female,Elementary,CRS02,15,10,1,"['Toolbox', 'Image Effects', 'Text Effects', 'Photo Retouching']"
926,33,Male,Elementary,CRS03,50,39,0,[]
927,21,Male,High School,CRS03,30,5,1,"['JavaScript Basics', 'Website Structure', 'Responsive Design', 'Links and Navigation']"
928,21,Male,Elementary,CRS02,15,32,1,"['Layer Management', 'Layer Masking', 'Text Effects']"
929,45,Male,College,CRS03,30,7,0,[]
930,70,Female,College,CRS01,30,34,0,[]
931,65,Female,College,CRS03,15,31,1,"['JavaScript Basics', 'Responsive Design', 'CSS Properties']"
932,67,Male,College,CRS01,50,17,1,"['Understanding Windows', 'Windows History', 'Word Formatting', 'PowerPoint Design']"
933,32,Male,Elementary,CRS02,30,10,1,"['Filters', 'Layer Management', 'Image Effects', 'Text Effects']"
934,38,Male,College,CRS01,50,14,0,[]
935,29,Male,College,CRS03,50,48,1,"['Links and Navigation', 'Attributes']"
936,67,Female,College,CRS01,15,26,1,"['Spread Sheets', 'Data Analysis', 'Macros', 'Understanding Windows']"
937,25,Male,College,CRS03,15,5,0,[]
938,59,Male,Elementary,CRS01,30,8,0,[]
939,33,Male,Elementary,CRS03,15,39,1,"['Website Structure', 'Attributes', 'SEO Basics']"
940,25,Female,College,CRS02,15,23,0,[]
941,18,Male,College,CRS01,50,8,1,"['Understanding Windows', 'Spread Sheets', 'Word Formatting', 'Data Analysis']"
942,36,Male,High School,CRS03,50,39,1,"['Website Structure', 'JavaScript Basics', 'CSS Properties']"
943,56,Female,College,CRS01,30,29,0,[]
944,47,Male,Elementary,CRS03,30,31,1,"['Attributes', 'HTML Basics', 'CSS Styling']"
945,65,Male,College,CRS03,15,50,0,[]
946,30,Male,Elementary,CRS02,15,33,1,"['Layer Masking', 'Photo Retouching', 'Color Correction']"
947,30,Male,College,CRS03,30,8,1,"['CSS Styling', 'Responsive Design', 'JavaScript Basics', 'HTML Basics']"
948,42,Female,High School,CRS02,50,5,0,[]
949,56,Male,High School,CRS01,50,50,1,"['Windows History', 'Spread Sheets']"
950,70,Female,High School,CRS01,15,6,1,"['Understanding Windows', 'Macros', 'Data Analysis', 'Word Formatting']"
951,56,Female,Elementary,CRS01,30,42,1,"['Spread Sheets', 'Macros']"
952,66,Female,High School,CRS01,50,39,1,"['Data Analysis', 'Understanding Windows', 'Spread Sheets']"
953,43,Male,Elementary,CRS03,50,21,1,"['Responsive Design', 'SEO Basics', 'CSS Styling', 'Attributes']"
954,59,Female,Elementary,CRS01,50,32,0,[]
955,66,Male,High School,CRS03,15,46,1,"['JavaScript Basics', 'CSS Styling']"
956,26,Female,Elementary,CRS01,15,17,0,[]
957,56,Female,High School,CRS02,30,17,0,[]
958,55,Male,College,CRS03,30,50,1,"['Links and Navigation', 'HTML Basics']"
959,33,Female,College,CRS03,30,36,1,"['CSS Properties', 'Links and Navigation', 'SEO Basics']"
960,32,Female,High School,CRS01,50,4,1,"['Understanding Windows', 'Word Formatting', 'Windows History', 'Excel Formulas']"
961,52,Male,Elementary,CRS02,50,46,1,"['Toolbox', 'Photo Retouching']"
962,54,Female,College,CRS02,50,24,0,[]
963,21,Female,Elementary,CRS02,50,35,0,[]
964,38,Female,Elementary,CRS01,50,39,1,"['Macros', 'Data Analysis', 'Spread Sheets']"
965,58,Female,Elementary,CRS02,50,19,0,[]
966,31,Male,College,CRS03,15,28,1,"['Responsive Design', 'JavaScript Basics', 'HTML Basics', 'CSS Properties']"
967,22,Female,Elementary,CRS03,15,25,1,"['HTML Basics', 'Links and Navigation', 'JavaScript Basics', 'Website Structure']"
968,53,Male,High School,CRS01,30,37,1,"['Word Formatting', 'Spread Sheets', 'Macros']"
969,26,Female,High School,CRS03,15,3,1,"['Attributes', 'CSS Styling', 'CSS Properties', 'Links and Navigation']"
970,62,Male,Elementary,CRS01,30,48,0,[]
971,44,Male,Elementary,CRS01,50,50,1,"['Excel Formulas', 'Understanding Windows']"
972,53,Female,College,CRS01,50,14,1,"['PowerPoint Design', 'Macros', 'Charts', 'Data Analysis']"
973,37,Male,College,CRS01,50,8,0,[]
974,50,Male,High School,CRS02,50,11,1,"['Toolbox', 'Image Effects', 'Text Effects', 'Filters']"
975,31,Male,High School,CRS02,30,22,1,"['Text Effects', 'Image Effects', 'Photo Retouching', 'Filters']"
976,53,Female,College,CRS03,15,6,0,[]
977,20,Female,High School,CRS03,15,36,0,[]
978,70,Male,Elementary,CRS03,50,32,0,[]
979,21,Female,High School,CRS01,50,38,1,"['Data Analysis', 'Macros', 'PowerPoint Design']"
980,27,Male,College,CRS02,50,13,0,[]
981,25,Female,Elementary,CRS01,50,28,1,"['Data Analysis', 'Macros', 'Windows History', 'Excel Formulas']"
982,26,Male,Elementary,CRS02,30,38,0,[]
983,57,Male,College,CRS02,15,3,0,[]
984,67,Male,High School,CRS01,15,22,1,"['Word Formatting', 'Windows History', 'Excel Formulas', 'Understanding Windows']"
985,49,Female,College,CRS02,30,45,0,[]
986,37,Female,High School,CRS02,50,9,0,[]
987,61,Female,High School,CRS01,50,21,0,[]
988,38,Female,Elementary,CRS03,50,1,1,"['JavaScript Basics', 'CSS Properties', 'SEO Basics', 'CSS Styling']"
989,48,Male,High School,CRS03,50,49,1,"['CSS Properties', 'Links and Navigation']"
990,32,Female,College,CRS03,30,9,0,[]
991,20,Male,High School,CRS03,30,2,0,[]
992,41,Female,Elementary,CRS01,30,41,1,"['Understanding Windows', 'Word Formatting']"
993,36,Female,College,CRS02,50,50,0,[]
994,55,Male,High School,CRS01,30,29,1,"['Macros', 'Spread Sheets', 'Understanding Windows', 'Charts']"
995,54,Female,Elementary,CRS03,50,23,0,[]
996,47,Female,College,CRS03,50,37,0,[]
997,24,Female,Elementary,CRS03,30,27,1,"['HTML Basics', 'SEO Basics', 'CSS Properties', 'JavaScript Basics']"
998,61,Female,Elementary,CRS02,50,22,1,"['Image Effects', 'Toolbox', 'Filters', 'Layer Masking']"
999,46,Female,High School,CRS03,30,34,1,"['Responsive Design', 'CSS Properties', 'JavaScript Basics']"
1000,23,Male,College,CRS01,15,29,0,[]
